<?xml version="1.0" encoding="UTF-8" standalone="yes"?>
<configuration xmlns="http://www.jooq.org/xsd/jooq-codegen-3.14.0.xsd">
    <!-- Configure the database connection here -->
    <jdbc>
        <driver>com.mysql.cj.jdbc.Driver</driver>
        <url>jdbc:mysql://localhost:3306/zbdb</url>
        <user>zbdbuser</user>
        <password>USE PASSWORD FROM KEEPASS</password>
    </jdbc>

    <generator>
        <!-- The default code generator. You can override this one, to generate your own code style.
             Supported generators:
             - org.jooq.codegen.JavaGenerator
             - org.jooq.codegen.KotlinGenerator
             - org.jooq.codegen.ScalaGenerator
             Defaults to org.jooq.codegen.JavaGenerator -->
        <name>org.jooq.codegen.JavaGenerator</name>

        <database>
            <!-- The database type. The format here is:
                 org.jooq.meta.[database].[database]Database -->
            <name>org.jooq.meta.mysql.MySQLDatabase</name>

            <!-- The database schema (or in the absence of schema support, in your RDBMS this
                 can be the owner, user, database name) to be generated -->
            <inputSchema>zbdb</inputSchema>

            <!-- All elements that are generated from your schema
                 (A Java regular expression. Use the pipe to separate several expressions)
                 Watch out for case-sensitivity. Depending on your database, this might be important! -->
            <includes>WorkerOwnership.*
                | ApmManagement.*
                | WorkerManagement.*
            </includes>

            <!-- All elements that are excluded from your schema
                 (A Java regular expression. Use the pipe to separate several expressions).
                 Excludes match before includes, i.e. excludes have a higher priority -->
            <excludes></excludes>
        </database>

        <target>
            <!-- The destination package of your generated classes (within the destination directory) -->
            <packageName>com.swissre.bpm.gateway.generated</packageName>

            <!-- The destination directory of your generated classes. Using Maven directory layout here -->
            <directory>C:\dev\zb-platform\zeebe-custom-gateway\src\main\java</directory>
        </target>
    </generator>
</configuration>